{
    "parent": "minecraft:item/generated",
    "textures": {
        "layer0": "artifacts:item/eternal_steak"
    },
    "overrides": [
        {
            "predicate": {
                "eating": 1.0,
                "eat": 0.2
            },
            "model": "eatinganimationid:item/ar_eternal_steak_eating_0"
        },
        {
            "predicate": {
                "eating": 1.0,
                "eat": 0.35
            },
            "model": "eatinganimationid:item/ar_eternal_steak_eating_1"
        },
        {
            "predicate": {
                "eating": 1.0,
                "eat": 0.5
            },
            "model": "eatinganimationid:item/ar_eternal_steak_eating_2"
        }
    ]
}